{
  "hash": "f1f6bc56",
  "configHash": "6921ddb3",
  "lockfileHash": "4b9c989c",
  "browserHash": "b186b927",
  "optimized": {
    "@angular/core": {
      "src": "../../../../../node_modules/@angular/core/fesm2022/core.mjs",
      "file": "@angular_core.js",
      "fileHash": "1514d546",
      "needsInterop": false
    },
    "@angular/platform-browser": {
      "src": "../../../../../node_modules/@angular/platform-browser/fesm2022/platform-browser.mjs",
      "file": "@angular_platform-browser.js",
      "fileHash": "bfda1cb3",
      "needsInterop": false
    },
    "@angular/router": {
      "src": "../../../../../node_modules/@angular/router/fesm2022/router.mjs",
      "file": "@angular_router.js",
      "fileHash": "1020ec27",
      "needsInterop": false
    },
    "@angular/common": {
      "src": "../../../../../node_modules/@angular/common/fesm2022/common.mjs",
      "file": "@angular_common.js",
      "fileHash": "c17f595b",
      "needsInterop": false
    }
  },
  "chunks": {
    "chunk-QIKVZM4K": {
      "file": "chunk-QIKVZM4K.js"
    },
    "chunk-6B5WMEYP": {
      "file": "chunk-6B5WMEYP.js"
    },
    "chunk-WZJTMI35": {
      "file": "chunk-WZJTMI35.js"
    }
  }
}